before,after
2.245141046,2.034193344
2.342795563,2.092684628
2.29673851,2.172069731